Country Name,Country Code,Series Name,Series Code,2018 [YR2018]
Afghanistan,AFG,Population growth (annual %),SP.POP.GROW,2.38476110022344
Afghanistan,AFG,"International tourism, receipts (current US$)",ST.INT.RCPT.CD,50000000
Afghanistan,AFG,Net migration,SM.POP.NETM,..
Afghanistan,AFG,Population density (people per sq. km of land area),EN.POP.DNST,56.937760009803
Albania,ALB,Population growth (annual %),SP.POP.GROW,-0.246732042281782
Albania,ALB,"International tourism, receipts (current US$)",ST.INT.RCPT.CD,2306000000
Albania,ALB,Net migration,SM.POP.NETM,..
Albania,ALB,Population density (people per sq. km of land area),EN.POP.DNST,104.612262773723
Algeria,DZA,Population growth (annual %),SP.POP.GROW,2.00737383000812
Algeria,DZA,"International tourism, receipts (current US$)",ST.INT.RCPT.CD,..
Algeria,DZA,Net migration,SM.POP.NETM,..
Algeria,DZA,Population density (people per sq. km of land area),EN.POP.DNST,17.7300750711665
American Samoa,ASM,Population growth (annual %),SP.POP.GROW,-0.279065761519574
American Samoa,ASM,"International tourism, receipts (current US$)",ST.INT.RCPT.CD,..
American Samoa,ASM,Net migration,SM.POP.NETM,..
American Samoa,ASM,Population density (people per sq. km of land area),EN.POP.DNST,277.325
Andorra,AND,Population growth (annual %),SP.POP.GROW,0.00649321134981403
Andorra,AND,"International tourism, receipts (current US$)",ST.INT.RCPT.CD,..
Andorra,AND,Net migration,SM.POP.NETM,..
Andorra,AND,Population density (people per sq. km of land area),EN.POP.DNST,163.842553191489
Angola,AGO,Population growth (annual %),SP.POP.GROW,3.27613387502724
Angola,AGO,"International tourism, receipts (current US$)",ST.INT.RCPT.CD,557000000
Angola,AGO,Net migration,SM.POP.NETM,..
Angola,AGO,Population density (people per sq. km of land area),EN.POP.DNST,24.7130520574316
Antigua and Barbuda,ATG,Population growth (annual %),SP.POP.GROW,0.897185120114641
Antigua and Barbuda,ATG,"International tourism, receipts (current US$)",ST.INT.RCPT.CD,971000000
Antigua and Barbuda,ATG,Net migration,SM.POP.NETM,..
Antigua and Barbuda,ATG,Population density (people per sq. km of land area),EN.POP.DNST,218.831818181818
Argentina,ARG,Population growth (annual %),SP.POP.GROW,1.01580834908002
Argentina,ARG,"International tourism, receipts (current US$)",ST.INT.RCPT.CD,5999000000
Argentina,ARG,Net migration,SM.POP.NETM,..
Argentina,ARG,Population density (people per sq. km of land area),EN.POP.DNST,16.2585100979651
Armenia,ARM,Population growth (annual %),SP.POP.GROW,0.236306378760517
Armenia,ARM,"International tourism, receipts (current US$)",ST.INT.RCPT.CD,1237000000
Armenia,ARM,Net migration,SM.POP.NETM,..
Armenia,ARM,Population density (people per sq. km of land area),EN.POP.DNST,103.680224798033
Aruba,ABW,Population growth (annual %),SP.POP.GROW,0.453575638777095
Aruba,ABW,"International tourism, receipts (current US$)",ST.INT.RCPT.CD,2024000000
Aruba,ABW,Net migration,SM.POP.NETM,..
Aruba,ABW,Population density (people per sq. km of land area),EN.POP.DNST,588.027777777778
Australia,AUS,Population growth (annual %),SP.POP.GROW,1.53610551570388
Australia,AUS,"International tourism, receipts (current US$)",ST.INT.RCPT.CD,47327000000
Australia,AUS,Net migration,SM.POP.NETM,..
Australia,AUS,Population density (people per sq. km of land area),EN.POP.DNST,3.24912948744283
Austria,AUT,Population growth (annual %),SP.POP.GROW,0.487071924768999
Austria,AUT,"International tourism, receipts (current US$)",ST.INT.RCPT.CD,25411000000
Austria,AUT,Net migration,SM.POP.NETM,..
Austria,AUT,Population density (people per sq. km of land area),EN.POP.DNST,107.206926667578
Azerbaijan,AZE,Population growth (annual %),SP.POP.GROW,0.866608673169798
Azerbaijan,AZE,"International tourism, receipts (current US$)",ST.INT.RCPT.CD,2830000000
Azerbaijan,AZE,Net migration,SM.POP.NETM,..
Azerbaijan,AZE,Population density (people per sq. km of land area),EN.POP.DNST,120.265319946776
"Bahamas, The",BHS,Population growth (annual %),SP.POP.GROW,1.01095334432863
"Bahamas, The",BHS,"International tourism, receipts (current US$)",ST.INT.RCPT.CD,3383000000
"Bahamas, The",BHS,Net migration,SM.POP.NETM,..
"Bahamas, The",BHS,Population density (people per sq. km of land area),EN.POP.DNST,38.5254745254745
Bahrain,BHR,Population growth (annual %),SP.POP.GROW,4.92116137205662
Bahrain,BHR,"International tourism, receipts (current US$)",ST.INT.RCPT.CD,3834000000
Bahrain,BHR,Net migration,SM.POP.NETM,..
Bahrain,BHR,Population density (people per sq. km of land area),EN.POP.DNST,2017.27369979138
Bangladesh,BGD,Population growth (annual %),SP.POP.GROW,1.05004464945676
Bangladesh,BGD,"International tourism, receipts (current US$)",ST.INT.RCPT.CD,357000000
Bangladesh,BGD,Net migration,SM.POP.NETM,..
Bangladesh,BGD,Population density (people per sq. km of land area),EN.POP.DNST,1239.57931166936
Barbados,BRB,Population growth (annual %),SP.POP.GROW,0.142439722865012
Barbados,BRB,"International tourism, receipts (current US$)",ST.INT.RCPT.CD,1125000000
Barbados,BRB,Net migration,SM.POP.NETM,..
Barbados,BRB,Population density (people per sq. km of land area),EN.POP.DNST,666.606976744186
Belarus,BLR,Population growth (annual %),SP.POP.GROW,-0.155570407004577
Belarus,BLR,"International tourism, receipts (current US$)",ST.INT.RCPT.CD,1221000000
Belarus,BLR,Net migration,SM.POP.NETM,..
Belarus,BLR,Population density (people per sq. km of land area),EN.POP.DNST,46.7287999040892
Belgium,BEL,Population growth (annual %),SP.POP.GROW,0.509444678207556
Belgium,BEL,"International tourism, receipts (current US$)",ST.INT.RCPT.CD,10381000000
Belgium,BEL,Net migration,SM.POP.NETM,..
Belgium,BEL,Population density (people per sq. km of land area),EN.POP.DNST,377.214927344782
Belize,BLZ,Population growth (annual %),SP.POP.GROW,1.92457576999509
Belize,BLZ,"International tourism, receipts (current US$)",ST.INT.RCPT.CD,487000000
Belize,BLZ,Net migration,SM.POP.NETM,..
Belize,BLZ,Population density (people per sq. km of land area),EN.POP.DNST,16.7939938623411
Benin,BEN,Population growth (annual %),SP.POP.GROW,2.73486201301479
Benin,BEN,"International tourism, receipts (current US$)",ST.INT.RCPT.CD,..
Benin,BEN,Net migration,SM.POP.NETM,..
Benin,BEN,Population density (people per sq. km of land area),EN.POP.DNST,101.853919829727
Bermuda,BMU,Population growth (annual %),SP.POP.GROW,0.154992641763463
Bermuda,BMU,"International tourism, receipts (current US$)",ST.INT.RCPT.CD,583000000
Bermuda,BMU,Net migration,SM.POP.NETM,..
Bermuda,BMU,Population density (people per sq. km of land area),EN.POP.DNST,1184.59257167194
Bhutan,BTN,Population growth (annual %),SP.POP.GROW,1.17684339517943
Bhutan,BTN,"International tourism, receipts (current US$)",ST.INT.RCPT.CD,121000000
Bhutan,BTN,Net migration,SM.POP.NETM,..
Bhutan,BTN,Population density (people per sq. km of land area),EN.POP.DNST,19.7775277714448
Bolivia,BOL,Population growth (annual %),SP.POP.GROW,1.42189948560338
Bolivia,BOL,"International tourism, receipts (current US$)",ST.INT.RCPT.CD,970000000
Bolivia,BOL,Net migration,SM.POP.NETM,..
Bolivia,BOL,Population density (people per sq. km of land area),EN.POP.DNST,10.4801458506416
Bosnia and Herzegovina,BIH,Population growth (annual %),SP.POP.GROW,-0.826854592009436
Bosnia and Herzegovina,BIH,"International tourism, receipts (current US$)",ST.INT.RCPT.CD,1081000000
Bosnia and Herzegovina,BIH,Net migration,SM.POP.NETM,..
Bosnia and Herzegovina,BIH,Population density (people per sq. km of land area),EN.POP.DNST,64.92048828125
Botswana,BWA,Population growth (annual %),SP.POP.GROW,2.197675757572
Botswana,BWA,"International tourism, receipts (current US$)",ST.INT.RCPT.CD,575300000
Botswana,BWA,Net migration,SM.POP.NETM,..
Botswana,BWA,Population density (people per sq. km of land area),EN.POP.DNST,3.97742487604327
Brazil,BRA,Population growth (annual %),SP.POP.GROW,0.783847578971981
Brazil,BRA,"International tourism, receipts (current US$)",ST.INT.RCPT.CD,6324000000
Brazil,BRA,Net migration,SM.POP.NETM,..
Brazil,BRA,Population density (people per sq. km of land area),EN.POP.DNST,25.0617162430876
British Virgin Islands,VGB,Population growth (annual %),SP.POP.GROW,0.757847309225455
British Virgin Islands,VGB,"International tourism, receipts (current US$)",ST.INT.RCPT.CD,..
British Virgin Islands,VGB,Net migration,SM.POP.NETM,..
British Virgin Islands,VGB,Population density (people per sq. km of land area),EN.POP.DNST,198.68
Brunei Darussalam,BRN,Population growth (annual %),SP.POP.GROW,1.05199374278845
Brunei Darussalam,BRN,"International tourism, receipts (current US$)",ST.INT.RCPT.CD,190000000
Brunei Darussalam,BRN,Net migration,SM.POP.NETM,..
Brunei Darussalam,BRN,Population density (people per sq. km of land area),EN.POP.DNST,81.3969639468691
Bulgaria,BGR,Population growth (annual %),SP.POP.GROW,-0.722080405222853
Bulgaria,BGR,"International tourism, receipts (current US$)",ST.INT.RCPT.CD,5072000000
Bulgaria,BGR,Net migration,SM.POP.NETM,..
Bulgaria,BGR,Population density (people per sq. km of land area),EN.POP.DNST,64.7035372144436
Burkina Faso,BFA,Population growth (annual %),SP.POP.GROW,2.86707836702633
Burkina Faso,BFA,"International tourism, receipts (current US$)",ST.INT.RCPT.CD,..
Burkina Faso,BFA,Net migration,SM.POP.NETM,..
Burkina Faso,BFA,Population density (people per sq. km of land area),EN.POP.DNST,72.1912828947368
Burundi,BDI,Population growth (annual %),SP.POP.GROW,3.16677344240935
Burundi,BDI,"International tourism, receipts (current US$)",ST.INT.RCPT.CD,3900000
Burundi,BDI,Net migration,SM.POP.NETM,..
Burundi,BDI,Population density (people per sq. km of land area),EN.POP.DNST,435.178271028037
Cabo Verde,CPV,Population growth (annual %),SP.POP.GROW,1.15976676910969
Cabo Verde,CPV,"International tourism, receipts (current US$)",ST.INT.RCPT.CD,524000000
Cabo Verde,CPV,Net migration,SM.POP.NETM,..
Cabo Verde,CPV,Population density (people per sq. km of land area),EN.POP.DNST,134.929776674938
Cambodia,KHM,Population growth (annual %),SP.POP.GROW,1.49035537141766
Cambodia,KHM,"International tourism, receipts (current US$)",ST.INT.RCPT.CD,4832000000
Cambodia,KHM,Net migration,SM.POP.NETM,..
Cambodia,KHM,Population density (people per sq. km of land area),EN.POP.DNST,92.0564128710628
Cameroon,CMR,Population growth (annual %),SP.POP.GROW,2.61229075104427
Cameroon,CMR,"International tourism, receipts (current US$)",ST.INT.RCPT.CD,633000000
Cameroon,CMR,Net migration,SM.POP.NETM,..
Cameroon,CMR,Population density (people per sq. km of land area),EN.POP.DNST,53.3439889149796
Canada,CAN,Population growth (annual %),SP.POP.GROW,1.39794779099322
Canada,CAN,"International tourism, receipts (current US$)",ST.INT.RCPT.CD,21978000000
Canada,CAN,Net migration,SM.POP.NETM,..
Canada,CAN,Population density (people per sq. km of land area),EN.POP.DNST,4.07530821431988
Cayman Islands,CYM,Population growth (annual %),SP.POP.GROW,1.2418234783193
Cayman Islands,CYM,"International tourism, receipts (current US$)",ST.INT.RCPT.CD,880000000
Cayman Islands,CYM,Net migration,SM.POP.NETM,..
Cayman Islands,CYM,Population density (people per sq. km of land area),EN.POP.DNST,267.391666666667
Central African Republic,CAF,Population growth (annual %),SP.POP.GROW,1.51905153699811
Central African Republic,CAF,"International tourism, receipts (current US$)",ST.INT.RCPT.CD,..
Central African Republic,CAF,Net migration,SM.POP.NETM,..
Central African Republic,CAF,Population density (people per sq. km of land area),EN.POP.DNST,7.49041221227006
Chad,TCD,Population growth (annual %),SP.POP.GROW,3.02357969868233
Chad,TCD,"International tourism, receipts (current US$)",ST.INT.RCPT.CD,..
Chad,TCD,Net migration,SM.POP.NETM,..
Chad,TCD,Population density (people per sq. km of land area),EN.POP.DNST,12.2917336404066
Channel Islands,CHI,Population growth (annual %),SP.POP.GROW,1.0814932456123
Channel Islands,CHI,"International tourism, receipts (current US$)",ST.INT.RCPT.CD,..
Channel Islands,CHI,Net migration,SM.POP.NETM,..
Channel Islands,CHI,Population density (people per sq. km of land area),EN.POP.DNST,861.106093786457
Chile,CHL,Population growth (annual %),SP.POP.GROW,1.39101054110467
Chile,CHL,"International tourism, receipts (current US$)",ST.INT.RCPT.CD,3972000000
Chile,CHL,Net migration,SM.POP.NETM,..
Chile,CHL,Population density (people per sq. km of land area),EN.POP.DNST,25.1894460666519
China,CHN,Population growth (annual %),SP.POP.GROW,0.455899678672578
China,CHN,"International tourism, receipts (current US$)",ST.INT.RCPT.CD,40386000000
China,CHN,Net migration,SM.POP.NETM,..
China,CHN,Population density (people per sq. km of land area),EN.POP.DNST,148.348833270666
Colombia,COL,Population growth (annual %),SP.POP.GROW,1.51727089084319
Colombia,COL,"International tourism, receipts (current US$)",ST.INT.RCPT.CD,6617000000
Colombia,COL,Net migration,SM.POP.NETM,..
Colombia,COL,Population density (people per sq. km of land area),EN.POP.DNST,44.7487021180712
Comoros,COM,Population growth (annual %),SP.POP.GROW,2.23917061120128
Comoros,COM,"International tourism, receipts (current US$)",ST.INT.RCPT.CD,76700000
Comoros,COM,Net migration,SM.POP.NETM,..
Comoros,COM,Population density (people per sq. km of land area),EN.POP.DNST,447.244477540227
"Congo, Dem. Rep.",COD,Population growth (annual %),SP.POP.GROW,3.22669890036105
"Congo, Dem. Rep.",COD,"International tourism, receipts (current US$)",ST.INT.RCPT.CD,60500000
"Congo, Dem. Rep.",COD,Net migration,SM.POP.NETM,..
"Congo, Dem. Rep.",COD,Population density (people per sq. km of land area),EN.POP.DNST,37.0825923557045
"Congo, Rep.",COG,Population growth (annual %),SP.POP.GROW,2.58170130027223
"Congo, Rep.",COG,"International tourism, receipts (current US$)",ST.INT.RCPT.CD,..
"Congo, Rep.",COG,Net migration,SM.POP.NETM,..
"Congo, Rep.",COG,Population density (people per sq. km of land area),EN.POP.DNST,15.3568462664715
Costa Rica,CRI,Population growth (annual %),SP.POP.GROW,0.99478225758881
Costa Rica,CRI,"International tourism, receipts (current US$)",ST.INT.RCPT.CD,3995000000
Costa Rica,CRI,Net migration,SM.POP.NETM,..
Costa Rica,CRI,Population density (people per sq. km of land area),EN.POP.DNST,97.9130630630631
Cote d'Ivoire,CIV,Population growth (annual %),SP.POP.GROW,2.55235886056005
Cote d'Ivoire,CIV,"International tourism, receipts (current US$)",ST.INT.RCPT.CD,..
Cote d'Ivoire,CIV,Net migration,SM.POP.NETM,..
Cote d'Ivoire,CIV,Population density (people per sq. km of land area),EN.POP.DNST,78.8340534591195
Croatia,HRV,Population growth (annual %),SP.POP.GROW,-0.893486927711056
Croatia,HRV,"International tourism, receipts (current US$)",ST.INT.RCPT.CD,12075000000
Croatia,HRV,Net migration,SM.POP.NETM,..
Croatia,HRV,Population density (people per sq. km of land area),EN.POP.DNST,73.0771979985704
Cuba,CUB,Population growth (annual %),SP.POP.GROW,-0.00988649624040443
Cuba,CUB,"International tourism, receipts (current US$)",ST.INT.RCPT.CD,2969000000
Cuba,CUB,Net migration,SM.POP.NETM,..
Cuba,CUB,Population density (people per sq. km of land area),EN.POP.DNST,108.999596231494
Curacao,CUW,Population growth (annual %),SP.POP.GROW,-0.234393419291099
Curacao,CUW,"International tourism, receipts (current US$)",ST.INT.RCPT.CD,605000000
Curacao,CUW,Net migration,SM.POP.NETM,..
Curacao,CUW,Population density (people per sq. km of land area),EN.POP.DNST,..
Cyprus,CYP,Population growth (annual %),SP.POP.GROW,0.809225398288843
Cyprus,CYP,"International tourism, receipts (current US$)",ST.INT.RCPT.CD,3449000000
Cyprus,CYP,Net migration,SM.POP.NETM,..
Cyprus,CYP,Population density (people per sq. km of land area),EN.POP.DNST,128.708333333333
Czech Republic,CZE,Population growth (annual %),SP.POP.GROW,0.334427262299794
Czech Republic,CZE,"International tourism, receipts (current US$)",ST.INT.RCPT.CD,8291000000
Czech Republic,CZE,Net migration,SM.POP.NETM,..
Czech Republic,CZE,Population density (people per sq. km of land area),EN.POP.DNST,137.602887852888
Denmark,DNK,Population growth (annual %),SP.POP.GROW,0.495838925879129
Denmark,DNK,"International tourism, receipts (current US$)",ST.INT.RCPT.CD,9097000000
Denmark,DNK,Net migration,SM.POP.NETM,..
Denmark,DNK,Population density (people per sq. km of land area),EN.POP.DNST,138.067301738509
Djibouti,DJI,Population growth (annual %),SP.POP.GROW,1.5578736070438
Djibouti,DJI,"International tourism, receipts (current US$)",ST.INT.RCPT.CD,57000000
Djibouti,DJI,Net migration,SM.POP.NETM,..
Djibouti,DJI,Population density (people per sq. km of land area),EN.POP.DNST,41.3684210526316
Dominica,DMA,Population growth (annual %),SP.POP.GROW,0.233431051672096
Dominica,DMA,"International tourism, receipts (current US$)",ST.INT.RCPT.CD,111000000
Dominica,DMA,Net migration,SM.POP.NETM,..
Dominica,DMA,Population density (people per sq. km of land area),EN.POP.DNST,95.5
Dominican Republic,DOM,Population growth (annual %),SP.POP.GROW,1.07884114802307
Dominican Republic,DOM,"International tourism, receipts (current US$)",ST.INT.RCPT.CD,7561000000
Dominican Republic,DOM,Net migration,SM.POP.NETM,..
Dominican Republic,DOM,Population density (people per sq. km of land area),EN.POP.DNST,219.97857586421
Ecuador,ECU,Population growth (annual %),SP.POP.GROW,1.76561120074764
Ecuador,ECU,"International tourism, receipts (current US$)",ST.INT.RCPT.CD,1878000000
Ecuador,ECU,Net migration,SM.POP.NETM,..
Ecuador,ECU,Population density (people per sq. km of land area),EN.POP.DNST,68.7886817522951
"Egypt, Arab Rep.",EGY,Population growth (annual %),SP.POP.GROW,2.03326217641077
"Egypt, Arab Rep.",EGY,"International tourism, receipts (current US$)",ST.INT.RCPT.CD,12704000000
"Egypt, Arab Rep.",EGY,Net migration,SM.POP.NETM,..
"Egypt, Arab Rep.",EGY,Population density (people per sq. km of land area),EN.POP.DNST,98.8734692852479
El Salvador,SLV,Population growth (annual %),SP.POP.GROW,0.509367035813322
El Salvador,SLV,"International tourism, receipts (current US$)",ST.INT.RCPT.CD,1370000000
El Salvador,SLV,Net migration,SM.POP.NETM,..
El Salvador,SLV,Population density (people per sq. km of land area),EN.POP.DNST,309.881467181467
Equatorial Guinea,GNQ,Population growth (annual %),SP.POP.GROW,3.6545067728316
Equatorial Guinea,GNQ,"International tourism, receipts (current US$)",ST.INT.RCPT.CD,..
Equatorial Guinea,GNQ,Net migration,SM.POP.NETM,..
Equatorial Guinea,GNQ,Population density (people per sq. km of land area),EN.POP.DNST,46.6657397504456
Eritrea,ERI,Population growth (annual %),SP.POP.GROW,..
Eritrea,ERI,"International tourism, receipts (current US$)",ST.INT.RCPT.CD,..
Eritrea,ERI,Net migration,SM.POP.NETM,..
Eritrea,ERI,Population density (people per sq. km of land area),EN.POP.DNST,..
Estonia,EST,Population growth (annual %),SP.POP.GROW,0.348039137980543
Estonia,EST,"International tourism, receipts (current US$)",ST.INT.RCPT.CD,2332000000
Estonia,EST,Net migration,SM.POP.NETM,..
Estonia,EST,Population density (people per sq. km of land area),EN.POP.DNST,30.3861053600184
Eswatini,SWZ,Population growth (annual %),SP.POP.GROW,1.01179839738944
Eswatini,SWZ,"International tourism, receipts (current US$)",ST.INT.RCPT.CD,16400000
Eswatini,SWZ,Net migration,SM.POP.NETM,..
Eswatini,SWZ,Population density (people per sq. km of land area),EN.POP.DNST,66.0576162790698
Ethiopia,ETH,Population growth (annual %),SP.POP.GROW,2.62001348207265
Ethiopia,ETH,"International tourism, receipts (current US$)",ST.INT.RCPT.CD,3548000000
Ethiopia,ETH,Net migration,SM.POP.NETM,..
Ethiopia,ETH,Population density (people per sq. km of land area),EN.POP.DNST,109.224559
Faroe Islands,FRO,Population growth (annual %),SP.POP.GROW,0.342876363511462
Faroe Islands,FRO,"International tourism, receipts (current US$)",ST.INT.RCPT.CD,..
Faroe Islands,FRO,Net migration,SM.POP.NETM,..
Faroe Islands,FRO,Population density (people per sq. km of land area),EN.POP.DNST,34.7399698278226
Fiji,FJI,Population growth (annual %),SP.POP.GROW,0.684181932039617
Fiji,FJI,"International tourism, receipts (current US$)",ST.INT.RCPT.CD,1370000000
Fiji,FJI,Net migration,SM.POP.NETM,..
Fiji,FJI,Population density (people per sq. km of land area),EN.POP.DNST,48.3570333880679
Finland,FIN,Population growth (annual %),SP.POP.GROW,0.132641040791912
Finland,FIN,"International tourism, receipts (current US$)",ST.INT.RCPT.CD,5663000000
Finland,FIN,Net migration,SM.POP.NETM,..
Finland,FIN,Population density (people per sq. km of land area),EN.POP.DNST,18.1568556480537
France,FRA,Population growth (annual %),SP.POP.GROW,0.167305952014465
France,FRA,"International tourism, receipts (current US$)",ST.INT.RCPT.CD,73125000000
France,FRA,Net migration,SM.POP.NETM,..
France,FRA,Population density (people per sq. km of land area),EN.POP.DNST,122.338395739199
French Polynesia,PYF,Population growth (annual %),SP.POP.GROW,0.569178577392632
French Polynesia,PYF,"International tourism, receipts (current US$)",ST.INT.RCPT.CD,..
French Polynesia,PYF,Net migration,SM.POP.NETM,..
French Polynesia,PYF,Population density (people per sq. km of land area),EN.POP.DNST,75.8685792349727
Gabon,GAB,Population growth (annual %),SP.POP.GROW,2.60295406093609
Gabon,GAB,"International tourism, receipts (current US$)",ST.INT.RCPT.CD,..
Gabon,GAB,Net migration,SM.POP.NETM,..
Gabon,GAB,Population density (people per sq. km of land area),EN.POP.DNST,8.22476423332169
"Gambia, The",GMB,Population growth (annual %),SP.POP.GROW,2.94672228129321
"Gambia, The",GMB,"International tourism, receipts (current US$)",ST.INT.RCPT.CD,168000000
"Gambia, The",GMB,Net migration,SM.POP.NETM,..
"Gambia, The",GMB,Population density (people per sq. km of land area),EN.POP.DNST,225.30652173913
Georgia,GEO,Population growth (annual %),SP.POP.GROW,-0.0390365463489613
Georgia,GEO,"International tourism, receipts (current US$)",ST.INT.RCPT.CD,3518000000
Georgia,GEO,Net migration,SM.POP.NETM,..
Georgia,GEO,Population density (people per sq. km of land area),EN.POP.DNST,65.2752020714511
Germany,DEU,Population growth (annual %),SP.POP.GROW,0.300526701992065
Germany,DEU,"International tourism, receipts (current US$)",ST.INT.RCPT.CD,60260000000
Germany,DEU,Net migration,SM.POP.NETM,..
Germany,DEU,Population density (people per sq. km of land area),EN.POP.DNST,237.3709697733
Ghana,GHA,Population growth (annual %),SP.POP.GROW,2.19282883696746
Ghana,GHA,"International tourism, receipts (current US$)",ST.INT.RCPT.CD,996000000
Ghana,GHA,Net migration,SM.POP.NETM,..
Ghana,GHA,Population density (people per sq. km of land area),EN.POP.DNST,130.821429199262
Gibraltar,GIB,Population growth (annual %),SP.POP.GROW,-0.0296533525287643
Gibraltar,GIB,"International tourism, receipts (current US$)",ST.INT.RCPT.CD,..
Gibraltar,GIB,Net migration,SM.POP.NETM,..
Gibraltar,GIB,Population density (people per sq. km of land area),EN.POP.DNST,3371.8
Greece,GRC,Population growth (annual %),SP.POP.GROW,-0.213651457571602
Greece,GRC,"International tourism, receipts (current US$)",ST.INT.RCPT.CD,21594000000
Greece,GRC,Net migration,SM.POP.NETM,..
Greece,GRC,Population density (people per sq. km of land area),EN.POP.DNST,83.2247323506594
Greenland,GRL,Population growth (annual %),SP.POP.GROW,-0.260258979661646
Greenland,GRL,"International tourism, receipts (current US$)",ST.INT.RCPT.CD,..
Greenland,GRL,Net migration,SM.POP.NETM,..
Greenland,GRL,Population density (people per sq. km of land area),EN.POP.DNST,0.136496528200755
Grenada,GRD,Population growth (annual %),SP.POP.GROW,0.521752829835629
Grenada,GRD,"International tourism, receipts (current US$)",ST.INT.RCPT.CD,548000000
Grenada,GRD,Net migration,SM.POP.NETM,..
Grenada,GRD,Population density (people per sq. km of land area),EN.POP.DNST,327.805882352941
Guam,GUM,Population growth (annual %),SP.POP.GROW,0.901084421670108
Guam,GUM,"International tourism, receipts (current US$)",ST.INT.RCPT.CD,..
Guam,GUM,Net migration,SM.POP.NETM,..
Guam,GUM,Population density (people per sq. km of land area),EN.POP.DNST,306.977777777778
Guatemala,GTM,Population growth (annual %),SP.POP.GROW,1.9487986359316
Guatemala,GTM,"International tourism, receipts (current US$)",ST.INT.RCPT.CD,1553000000
Guatemala,GTM,Net migration,SM.POP.NETM,..
Guatemala,GTM,Population density (people per sq. km of land area),EN.POP.DNST,160.953779395297
Guinea,GIN,Population growth (annual %),SP.POP.GROW,2.83313635348047
Guinea,GIN,"International tourism, receipts (current US$)",ST.INT.RCPT.CD,7700000
Guinea,GIN,Net migration,SM.POP.NETM,..
Guinea,GIN,Population density (people per sq. km of land area),EN.POP.DNST,50.5222122741332
Guinea-Bissau,GNB,Population growth (annual %),SP.POP.GROW,2.49377196123486
Guinea-Bissau,GNB,"International tourism, receipts (current US$)",ST.INT.RCPT.CD,20000000
Guinea-Bissau,GNB,Net migration,SM.POP.NETM,..
Guinea-Bissau,GNB,Population density (people per sq. km of land area),EN.POP.DNST,66.6539473684211
Guyana,GUY,Population growth (annual %),SP.POP.GROW,0.486803065283861
Guyana,GUY,"International tourism, receipts (current US$)",ST.INT.RCPT.CD,28000000
Guyana,GUY,Net migration,SM.POP.NETM,..
Guyana,GUY,Population density (people per sq. km of land area),EN.POP.DNST,3.95734823469647
Haiti,HTI,Population growth (annual %),SP.POP.GROW,1.2739963989891
Haiti,HTI,"International tourism, receipts (current US$)",ST.INT.RCPT.CD,620000000
Haiti,HTI,Net migration,SM.POP.NETM,..
Haiti,HTI,Population density (people per sq. km of land area),EN.POP.DNST,403.59854862119
Honduras,HND,Population growth (annual %),SP.POP.GROW,1.66710361374407
Honduras,HND,"International tourism, receipts (current US$)",ST.INT.RCPT.CD,745000000
Honduras,HND,Net migration,SM.POP.NETM,..
Honduras,HND,Population density (people per sq. km of land area),EN.POP.DNST,85.6870319063366
"Hong Kong SAR, China",HKG,Population growth (annual %),SP.POP.GROW,0.799050247136158
"Hong Kong SAR, China",HKG,"International tourism, receipts (current US$)",ST.INT.RCPT.CD,41870000000
"Hong Kong SAR, China",HKG,Net migration,SM.POP.NETM,..
"Hong Kong SAR, China",HKG,Population density (people per sq. km of land area),EN.POP.DNST,7096.19047619048
Hungary,HUN,Population growth (annual %),SP.POP.GROW,-0.126786951652838
Hungary,HUN,"International tourism, receipts (current US$)",ST.INT.RCPT.CD,9595000000
Hungary,HUN,Net migration,SM.POP.NETM,..
Hungary,HUN,Population density (people per sq. km of land area),EN.POP.DNST,107.906605545123
Iceland,ISL,Population growth (annual %),SP.POP.GROW,2.67814276922904
Iceland,ISL,"International tourism, receipts (current US$)",ST.INT.RCPT.CD,3128000000
Iceland,ISL,Net migration,SM.POP.NETM,..
Iceland,ISL,Population density (people per sq. km of land area),EN.POP.DNST,3.52692269326683
India,IND,Population growth (annual %),SP.POP.GROW,1.03732336037888
India,IND,"International tourism, receipts (current US$)",ST.INT.RCPT.CD,29143000000
India,IND,Net migration,SM.POP.NETM,..
India,IND,Population density (people per sq. km of land area),EN.POP.DNST,454.938072575247
Indonesia,IDN,Population growth (annual %),SP.POP.GROW,1.1337698607638
Indonesia,IDN,"International tourism, receipts (current US$)",ST.INT.RCPT.CD,15600000000
Indonesia,IDN,Net migration,SM.POP.NETM,..
Indonesia,IDN,Population density (people per sq. km of land area),EN.POP.DNST,147.75219008926
"Iran, Islamic Rep.",IRN,Population growth (annual %),SP.POP.GROW,1.38647970473313
"Iran, Islamic Rep.",IRN,"International tourism, receipts (current US$)",ST.INT.RCPT.CD,..
"Iran, Islamic Rep.",IRN,Net migration,SM.POP.NETM,..
"Iran, Islamic Rep.",IRN,Population density (people per sq. km of land area),EN.POP.DNST,50.222420123284
Iraq,IRQ,Population growth (annual %),SP.POP.GROW,2.3184640284933
Iraq,IRQ,"International tourism, receipts (current US$)",ST.INT.RCPT.CD,1986000000
Iraq,IRQ,Net migration,SM.POP.NETM,..
Iraq,IRQ,Population density (people per sq. km of land area),EN.POP.DNST,88.5305700354617
Ireland,IRL,Population growth (annual %),SP.POP.GROW,1.23873163605826
Ireland,IRL,"International tourism, receipts (current US$)",ST.INT.RCPT.CD,14658000000
Ireland,IRL,Net migration,SM.POP.NETM,..
Ireland,IRL,Population density (people per sq. km of land area),EN.POP.DNST,70.452983016403
Isle of Man,IMN,Population growth (annual %),SP.POP.GROW,0.571344926815681
Isle of Man,IMN,"International tourism, receipts (current US$)",ST.INT.RCPT.CD,..
Isle of Man,IMN,Net migration,SM.POP.NETM,..
Isle of Man,IMN,Population density (people per sq. km of land area),EN.POP.DNST,147.50350877193
Israel,ISR,Population growth (annual %),SP.POP.GROW,1.92662286520241
Israel,ISR,"International tourism, receipts (current US$)",ST.INT.RCPT.CD,8073000000
Israel,ISR,Net migration,SM.POP.NETM,..
Israel,ISR,Population density (people per sq. km of land area),EN.POP.DNST,410.526802218115
Italy,ITA,Population growth (annual %),SP.POP.GROW,-0.190063640113791
Italy,ITA,"International tourism, receipts (current US$)",ST.INT.RCPT.CD,51602000000
Italy,ITA,Net migration,SM.POP.NETM,..
Italy,ITA,Population density (people per sq. km of land area),EN.POP.DNST,205.450747943156
Jamaica,JAM,Population growth (annual %),SP.POP.GROW,0.478235140362221
Jamaica,JAM,"International tourism, receipts (current US$)",ST.INT.RCPT.CD,3099000000
Jamaica,JAM,Net migration,SM.POP.NETM,..
Jamaica,JAM,Population density (people per sq. km of land area),EN.POP.DNST,270.993074792244
Japan,JPN,Population growth (annual %),SP.POP.GROW,-0.202670345017896
Japan,JPN,"International tourism, receipts (current US$)",ST.INT.RCPT.CD,45276000000
Japan,JPN,Net migration,SM.POP.NETM,..
Japan,JPN,Population density (people per sq. km of land area),EN.POP.DNST,347.073458415624
Jordan,JOR,Population growth (annual %),SP.POP.GROW,1.79215692220237
Jordan,JOR,"International tourism, receipts (current US$)",ST.INT.RCPT.CD,6221000000
Jordan,JOR,Net migration,SM.POP.NETM,..
Jordan,JOR,Population density (people per sq. km of land area),EN.POP.DNST,112.14249831043
Kazakhstan,KAZ,Population growth (annual %),SP.POP.GROW,1.2925141033428
Kazakhstan,KAZ,"International tourism, receipts (current US$)",ST.INT.RCPT.CD,2651000000
Kazakhstan,KAZ,Net migration,SM.POP.NETM,..
Kazakhstan,KAZ,Population density (people per sq. km of land area),EN.POP.DNST,6.76982590658221
Kenya,KEN,Population growth (annual %),SP.POP.GROW,2.30594867522983
Kenya,KEN,"International tourism, receipts (current US$)",ST.INT.RCPT.CD,..
Kenya,KEN,Net migration,SM.POP.NETM,..
Kenya,KEN,Population density (people per sq. km of land area),EN.POP.DNST,90.2994166637383
Kiribati,KIR,Population growth (annual %),SP.POP.GROW,1.46869012445746
Kiribati,KIR,"International tourism, receipts (current US$)",ST.INT.RCPT.CD,..
Kiribati,KIR,Net migration,SM.POP.NETM,..
Kiribati,KIR,Population density (people per sq. km of land area),EN.POP.DNST,143.020987654321
"Korea, Dem. People’s Rep.",PRK,Population growth (annual %),SP.POP.GROW,0.470124289654097
"Korea, Dem. People’s Rep.",PRK,"International tourism, receipts (current US$)",ST.INT.RCPT.CD,..
"Korea, Dem. People’s Rep.",PRK,Net migration,SM.POP.NETM,..
"Korea, Dem. People’s Rep.",PRK,Population density (people per sq. km of land area),EN.POP.DNST,212.190175234615
"Korea, Rep.",KOR,Population growth (annual %),SP.POP.GROW,0.475334410431755
"Korea, Rep.",KOR,"International tourism, receipts (current US$)",ST.INT.RCPT.CD,19856000000
"Korea, Rep.",KOR,Net migration,SM.POP.NETM,..
"Korea, Rep.",KOR,Population density (people per sq. km of land area),EN.POP.DNST,529.652103632681
Kosovo,XKX,Population growth (annual %),SP.POP.GROW,0.794345852546323
Kosovo,XKX,"International tourism, receipts (current US$)",ST.INT.RCPT.CD,..
Kosovo,XKX,Net migration,SM.POP.NETM,..
Kosovo,XKX,Population density (people per sq. km of land area),EN.POP.DNST,..
Kuwait,KWT,Population growth (annual %),SP.POP.GROW,1.98243953053414
Kuwait,KWT,"International tourism, receipts (current US$)",ST.INT.RCPT.CD,919000000
Kuwait,KWT,Net migration,SM.POP.NETM,..
Kuwait,KWT,Population density (people per sq. km of land area),EN.POP.DNST,232.172222222222
Kyrgyz Republic,KGZ,Population growth (annual %),SP.POP.GROW,1.99032207024617
Kyrgyz Republic,KGZ,"International tourism, receipts (current US$)",ST.INT.RCPT.CD,487000000
Kyrgyz Republic,KGZ,Net migration,SM.POP.NETM,..
Kyrgyz Republic,KGZ,Population density (people per sq. km of land area),EN.POP.DNST,32.9290928050052
Lao PDR,LAO,Population growth (annual %),SP.POP.GROW,1.54802299147207
Lao PDR,LAO,"International tourism, receipts (current US$)",ST.INT.RCPT.CD,757000000
Lao PDR,LAO,Net migration,SM.POP.NETM,..
Lao PDR,LAO,Population density (people per sq. km of land area),EN.POP.DNST,30.5957842287695
Latvia,LVA,Population growth (annual %),SP.POP.GROW,-0.779138396192231
Latvia,LVA,"International tourism, receipts (current US$)",ST.INT.RCPT.CD,1057000000
Latvia,LVA,Net migration,SM.POP.NETM,..
Latvia,LVA,Population density (people per sq. km of land area),EN.POP.DNST,30.9833065294307
Lebanon,LBN,Population growth (annual %),SP.POP.GROW,0.542458659560969
Lebanon,LBN,"International tourism, receipts (current US$)",ST.INT.RCPT.CD,8694000000
Lebanon,LBN,Net migration,SM.POP.NETM,..
Lebanon,LBN,Population density (people per sq. km of land area),EN.POP.DNST,669.494134897361
Lesotho,LSO,Population growth (annual %),SP.POP.GROW,0.796281136528556
Lesotho,LSO,"International tourism, receipts (current US$)",ST.INT.RCPT.CD,24000000
Lesotho,LSO,Net migration,SM.POP.NETM,..
Lesotho,LSO,Population density (people per sq. km of land area),EN.POP.DNST,69.437812911726
Liberia,LBR,Population growth (annual %),SP.POP.GROW,2.45252259258425
Liberia,LBR,"International tourism, receipts (current US$)",ST.INT.RCPT.CD,..
Liberia,LBR,Net migration,SM.POP.NETM,..
Liberia,LBR,Population density (people per sq. km of land area),EN.POP.DNST,50.0309073920266
Libya,LBY,Population growth (annual %),SP.POP.GROW,1.47586738980959
Libya,LBY,"International tourism, receipts (current US$)",ST.INT.RCPT.CD,..
Libya,LBY,Net migration,SM.POP.NETM,..
Libya,LBY,Population density (people per sq. km of land area),EN.POP.DNST,3.79563238119054
Liechtenstein,LIE,Population growth (annual %),SP.POP.GROW,0.290582690270153
Liechtenstein,LIE,"International tourism, receipts (current US$)",ST.INT.RCPT.CD,..
Liechtenstein,LIE,Net migration,SM.POP.NETM,..
Liechtenstein,LIE,Population density (people per sq. km of land area),EN.POP.DNST,236.9375
Lithuania,LTU,Population growth (annual %),SP.POP.GROW,-0.954190459209969
Lithuania,LTU,"International tourism, receipts (current US$)",ST.INT.RCPT.CD,1419000000
Lithuania,LTU,Net migration,SM.POP.NETM,..
Lithuania,LTU,Population density (people per sq. km of land area),EN.POP.DNST,44.5313513780643
Luxembourg,LUX,Population growth (annual %),SP.POP.GROW,1.92883751398765
Luxembourg,LUX,"International tourism, receipts (current US$)",ST.INT.RCPT.CD,5537000000
Luxembourg,LUX,Net migration,SM.POP.NETM,..
Luxembourg,LUX,Population density (people per sq. km of land area),EN.POP.DNST,250.093827160494
"Macao SAR, China",MAC,Population growth (annual %),SP.POP.GROW,1.44331136552005
"Macao SAR, China",MAC,"International tourism, receipts (current US$)",ST.INT.RCPT.CD,40358000000
"Macao SAR, China",MAC,Net migration,SM.POP.NETM,..
"Macao SAR, China",MAC,Population density (people per sq. km of land area),EN.POP.DNST,20777.5002607232
Madagascar,MDG,Population growth (annual %),SP.POP.GROW,2.6696132402134
Madagascar,MDG,"International tourism, receipts (current US$)",ST.INT.RCPT.CD,879000000
Madagascar,MDG,Net migration,SM.POP.NETM,..
Madagascar,MDG,Population density (people per sq. km of land area),EN.POP.DNST,45.1398556204881
Malawi,MWI,Population growth (annual %),SP.POP.GROW,2.64191728771031
Malawi,MWI,"International tourism, receipts (current US$)",ST.INT.RCPT.CD,43000000
Malawi,MWI,Net migration,SM.POP.NETM,..
Malawi,MWI,Population density (people per sq. km of land area),EN.POP.DNST,192.440761561307
Malaysia,MYS,Population growth (annual %),SP.POP.GROW,1.35251165124592
Malaysia,MYS,"International tourism, receipts (current US$)",ST.INT.RCPT.CD,21774000000
Malaysia,MYS,Net migration,SM.POP.NETM,..
Malaysia,MYS,Population density (people per sq. km of land area),EN.POP.DNST,95.9628214883579
Maldives,MDV,Population growth (annual %),SP.POP.GROW,3.81313622480854
Maldives,MDV,"International tourism, receipts (current US$)",ST.INT.RCPT.CD,3054000000
Maldives,MDV,Net migration,SM.POP.NETM,..
Maldives,MDV,Population density (people per sq. km of land area),EN.POP.DNST,1718.98666666667
Mali,MLI,Population growth (annual %),SP.POP.GROW,3.00791357916659
Mali,MLI,"International tourism, receipts (current US$)",ST.INT.RCPT.CD,..
Mali,MLI,Net migration,SM.POP.NETM,..
Mali,MLI,Population density (people per sq. km of land area),EN.POP.DNST,15.635015858186
Malta,MLT,Population growth (annual %),SP.POP.GROW,3.49195540302534
Malta,MLT,"International tourism, receipts (current US$)",ST.INT.RCPT.CD,1845000000
Malta,MLT,Net migration,SM.POP.NETM,..
Malta,MLT,Population density (people per sq. km of land area),EN.POP.DNST,1511.03125
Marshall Islands,MHL,Population growth (annual %),SP.POP.GROW,0.60959569220907
Marshall Islands,MHL,"International tourism, receipts (current US$)",ST.INT.RCPT.CD,20100000
Marshall Islands,MHL,Net migration,SM.POP.NETM,..
Marshall Islands,MHL,Population density (people per sq. km of land area),EN.POP.DNST,324.516666666667
Mauritania,MRT,Population growth (annual %),SP.POP.GROW,2.78043440578277
Mauritania,MRT,"International tourism, receipts (current US$)",ST.INT.RCPT.CD,6000000
Mauritania,MRT,Net migration,SM.POP.NETM,..
Mauritania,MRT,Population density (people per sq. km of land area),EN.POP.DNST,4.27216357815077
Mauritius,MUS,Population growth (annual %),SP.POP.GROW,0.0545472669534157
Mauritius,MUS,"International tourism, receipts (current US$)",ST.INT.RCPT.CD,2161000000
Mauritius,MUS,Net migration,SM.POP.NETM,..
Mauritius,MUS,Population density (people per sq. km of land area),EN.POP.DNST,623.30197044335
Mexico,MEX,Population growth (annual %),SP.POP.GROW,1.12642114890216
Mexico,MEX,"International tourism, receipts (current US$)",ST.INT.RCPT.CD,23802000000
Mexico,MEX,Net migration,SM.POP.NETM,..
Mexico,MEX,Population density (people per sq. km of land area),EN.POP.DNST,64.9146264050001
"Micronesia, Fed. Sts.",FSM,Population growth (annual %),SP.POP.GROW,1.05400821370478
"Micronesia, Fed. Sts.",FSM,"International tourism, receipts (current US$)",ST.INT.RCPT.CD,..
"Micronesia, Fed. Sts.",FSM,Net migration,SM.POP.NETM,..
"Micronesia, Fed. Sts.",FSM,Population density (people per sq. km of land area),EN.POP.DNST,160.914285714286
Moldova,MDA,Population growth (annual %),SP.POP.GROW,..
Moldova,MDA,"International tourism, receipts (current US$)",ST.INT.RCPT.CD,500000000
Moldova,MDA,Net migration,SM.POP.NETM,..
Moldova,MDA,Population density (people per sq. km of land area),EN.POP.DNST,123.51980353224
Monaco,MCO,Population growth (annual %),SP.POP.GROW,0.752527100059372
Monaco,MCO,"International tourism, receipts (current US$)",ST.INT.RCPT.CD,..
Monaco,MCO,Net migration,SM.POP.NETM,..
Monaco,MCO,Population density (people per sq. km of land area),EN.POP.DNST,..
Mongolia,MNG,Population growth (annual %),SP.POP.GROW,1.796009979898
Mongolia,MNG,"International tourism, receipts (current US$)",ST.INT.RCPT.CD,526000000
Mongolia,MNG,Net migration,SM.POP.NETM,..
Mongolia,MNG,Population density (people per sq. km of land area),EN.POP.DNST,2.04060866654651
Montenegro,MNE,Population growth (annual %),SP.POP.GROW,-0.0234613531527775
Montenegro,MNE,"International tourism, receipts (current US$)",ST.INT.RCPT.CD,1224000000
Montenegro,MNE,Net migration,SM.POP.NETM,..
Montenegro,MNE,Population density (people per sq. km of land area),EN.POP.DNST,46.2710037174721
Morocco,MAR,Population growth (annual %),SP.POP.GROW,1.25079496436022
Morocco,MAR,"International tourism, receipts (current US$)",ST.INT.RCPT.CD,9523000000
Morocco,MAR,Net migration,SM.POP.NETM,..
Morocco,MAR,Population density (people per sq. km of land area),EN.POP.DNST,80.7285189334528
Mozambique,MOZ,Population growth (annual %),SP.POP.GROW,2.91345897465103
Mozambique,MOZ,"International tourism, receipts (current US$)",ST.INT.RCPT.CD,331000000
Mozambique,MOZ,Net migration,SM.POP.NETM,..
Mozambique,MOZ,Population density (people per sq. km of land area),EN.POP.DNST,37.508535313716
Myanmar,MMR,Population growth (annual %),SP.POP.GROW,0.608482651749138
Myanmar,MMR,"International tourism, receipts (current US$)",ST.INT.RCPT.CD,1670000000
Myanmar,MMR,Net migration,SM.POP.NETM,..
Myanmar,MMR,Population density (people per sq. km of land area),EN.POP.DNST,82.2386154835549
Namibia,NAM,Population growth (annual %),SP.POP.GROW,1.88227929401189
Namibia,NAM,"International tourism, receipts (current US$)",ST.INT.RCPT.CD,488000000
Namibia,NAM,Net migration,SM.POP.NETM,..
Namibia,NAM,Population density (people per sq. km of land area),EN.POP.DNST,2.97374558175127
Nauru,NRU,Population growth (annual %),SP.POP.GROW,-1.34482089317817
Nauru,NRU,"International tourism, receipts (current US$)",ST.INT.RCPT.CD,1600000
Nauru,NRU,Net migration,SM.POP.NETM,..
Nauru,NRU,Population density (people per sq. km of land area),EN.POP.DNST,635.2
Nepal,NPL,Population growth (annual %),SP.POP.GROW,1.6539802386854
Nepal,NPL,"International tourism, receipts (current US$)",ST.INT.RCPT.CD,744000000
Nepal,NPL,Net migration,SM.POP.NETM,..
Nepal,NPL,Population density (people per sq. km of land area),EN.POP.DNST,195.939107080572
Netherlands,NLD,Population growth (annual %),SP.POP.GROW,0.583933408920832
Netherlands,NLD,"International tourism, receipts (current US$)",ST.INT.RCPT.CD,25850000000
Netherlands,NLD,Net migration,SM.POP.NETM,..
Netherlands,NLD,Population density (people per sq. km of land area),EN.POP.DNST,511.457910359157
New Caledonia,NCL,Population growth (annual %),SP.POP.GROW,1.31466608833004
New Caledonia,NCL,"International tourism, receipts (current US$)",ST.INT.RCPT.CD,..
New Caledonia,NCL,Net migration,SM.POP.NETM,..
New Caledonia,NCL,Population density (people per sq. km of land area),EN.POP.DNST,15.5393873085339
New Zealand,NZL,Population growth (annual %),SP.POP.GROW,0.977703457051805
New Zealand,NZL,"International tourism, receipts (current US$)",ST.INT.RCPT.CD,10961000000
New Zealand,NZL,Net migration,SM.POP.NETM,..
New Zealand,NZL,Population density (people per sq. km of land area),EN.POP.DNST,18.5541756864532
Nicaragua,NIC,Population growth (annual %),SP.POP.GROW,1.25535796724705
Nicaragua,NIC,"International tourism, receipts (current US$)",ST.INT.RCPT.CD,544000000
Nicaragua,NIC,Net migration,SM.POP.NETM,..
Nicaragua,NIC,Population density (people per sq. km of land area),EN.POP.DNST,53.7270483629716
Niger,NER,Population growth (annual %),SP.POP.GROW,3.81686919885997
Niger,NER,"International tourism, receipts (current US$)",ST.INT.RCPT.CD,..
Niger,NER,Net migration,SM.POP.NETM,..
Niger,NER,Population density (people per sq. km of land area),EN.POP.DNST,17.7176505881424
Nigeria,NGA,Population growth (annual %),SP.POP.GROW,2.58654585214901
Nigeria,NGA,"International tourism, receipts (current US$)",ST.INT.RCPT.CD,1977000000
Nigeria,NGA,Net migration,SM.POP.NETM,..
Nigeria,NGA,Population density (people per sq. km of land area),EN.POP.DNST,215.064988965381
North Macedonia,MKD,Population growth (annual %),SP.POP.GROW,0.0461949888093546
North Macedonia,MKD,"International tourism, receipts (current US$)",ST.INT.RCPT.CD,387000000
North Macedonia,MKD,Net migration,SM.POP.NETM,..
North Macedonia,MKD,Population density (people per sq. km of land area),EN.POP.DNST,82.5915146708961
Northern Mariana Islands,MNP,Population growth (annual %),SP.POP.GROW,0.564156497878011
Northern Mariana Islands,MNP,"International tourism, receipts (current US$)",ST.INT.RCPT.CD,..
Northern Mariana Islands,MNP,Net migration,SM.POP.NETM,..
Northern Mariana Islands,MNP,Population density (people per sq. km of land area),EN.POP.DNST,123.65652173913
Norway,NOR,Population growth (annual %),SP.POP.GROW,0.660090844249
Norway,NOR,"International tourism, receipts (current US$)",ST.INT.RCPT.CD,7096000000
Norway,NOR,Net migration,SM.POP.NETM,..
Norway,NOR,Population density (people per sq. km of land area),EN.POP.DNST,14.5549195374975
Oman,OMN,Population growth (annual %),SP.POP.GROW,3.44511796571903
Oman,OMN,"International tourism, receipts (current US$)",ST.INT.RCPT.CD,2975000000
Oman,OMN,Net migration,SM.POP.NETM,..
Oman,OMN,Population density (people per sq. km of land area),EN.POP.DNST,15.6041453957997
Pakistan,PAK,Population growth (annual %),SP.POP.GROW,2.05587986968414
Pakistan,PAK,"International tourism, receipts (current US$)",ST.INT.RCPT.CD,818000000
Pakistan,PAK,Net migration,SM.POP.NETM,..
Pakistan,PAK,Population density (people per sq. km of land area),EN.POP.DNST,275.289318700706
Palau,PLW,Population growth (annual %),SP.POP.GROW,0.554390332143348
Palau,PLW,"International tourism, receipts (current US$)",ST.INT.RCPT.CD,..
Palau,PLW,Net migration,SM.POP.NETM,..
Palau,PLW,Population density (people per sq. km of land area),EN.POP.DNST,38.9282608695652
Panama,PAN,Population growth (annual %),SP.POP.GROW,1.69258054975119
Panama,PAN,"International tourism, receipts (current US$)",ST.INT.RCPT.CD,5615000000
Panama,PAN,Net migration,SM.POP.NETM,..
Panama,PAN,Population density (people per sq. km of land area),EN.POP.DNST,56.1860774818402
Papua New Guinea,PNG,Population growth (annual %),SP.POP.GROW,1.97476017811245
Papua New Guinea,PNG,"International tourism, receipts (current US$)",ST.INT.RCPT.CD,..
Papua New Guinea,PNG,Net migration,SM.POP.NETM,..
Papua New Guinea,PNG,Population density (people per sq. km of land area),EN.POP.DNST,19.0043633794109
Paraguay,PRY,Population growth (annual %),SP.POP.GROW,1.28784451697628
Paraguay,PRY,"International tourism, receipts (current US$)",ST.INT.RCPT.CD,393000000
Paraguay,PRY,Net migration,SM.POP.NETM,..
Paraguay,PRY,Population density (people per sq. km of land area),EN.POP.DNST,17.5083589227284
Peru,PER,Population growth (annual %),SP.POP.GROW,1.71824651729878
Peru,PER,"International tourism, receipts (current US$)",ST.INT.RCPT.CD,4894000000
Peru,PER,Net migration,SM.POP.NETM,..
Peru,PER,Population density (people per sq. km of land area),EN.POP.DNST,24.99160625
Philippines,PHL,Population growth (annual %),SP.POP.GROW,1.39613428041081
Philippines,PHL,"International tourism, receipts (current US$)",ST.INT.RCPT.CD,9730000000
Philippines,PHL,Net migration,SM.POP.NETM,..
Philippines,PHL,Population density (people per sq. km of land area),EN.POP.DNST,357.688305329175
Poland,POL,Population growth (annual %),SP.POP.GROW,-0.000200132782838419
Poland,POL,"International tourism, receipts (current US$)",ST.INT.RCPT.CD,15748000000
Poland,POL,Net migration,SM.POP.NETM,..
Poland,POL,Population density (people per sq. km of land area),EN.POP.DNST,124.035886214442
Portugal,PRT,Population growth (annual %),SP.POP.GROW,-0.160104021146769
Portugal,PRT,"International tourism, receipts (current US$)",ST.INT.RCPT.CD,24105000000
Portugal,PRT,Net migration,SM.POP.NETM,..
Portugal,PRT,Population density (people per sq. km of land area),EN.POP.DNST,112.23945350807
Puerto Rico,PRI,Population growth (annual %),SP.POP.GROW,-3.98350008527716
Puerto Rico,PRI,"International tourism, receipts (current US$)",ST.INT.RCPT.CD,3282000000
Puerto Rico,PRI,Net migration,SM.POP.NETM,..
Puerto Rico,PRI,Population density (people per sq. km of land area),EN.POP.DNST,360.220180383315
Qatar,QAT,Population growth (annual %),SP.POP.GROW,2.06868446561438
Qatar,QAT,"International tourism, receipts (current US$)",ST.INT.RCPT.CD,15239000000
Qatar,QAT,Net migration,SM.POP.NETM,..
Qatar,QAT,Population density (people per sq. km of land area),EN.POP.DNST,239.593195521103
Romania,ROU,Population growth (annual %),SP.POP.GROW,-0.621434534353182
Romania,ROU,"International tourism, receipts (current US$)",ST.INT.RCPT.CD,3261000000
Romania,ROU,Net migration,SM.POP.NETM,..
Romania,ROU,Population density (people per sq. km of land area),EN.POP.DNST,84.6398470097357
Russian Federation,RUS,Population growth (annual %),SP.POP.GROW,-0.0129353844507104
Russian Federation,RUS,"International tourism, receipts (current US$)",ST.INT.RCPT.CD,18670000000
Russian Federation,RUS,Net migration,SM.POP.NETM,..
Russian Federation,RUS,Population density (people per sq. km of land area),EN.POP.DNST,8.82207955488442
Rwanda,RWA,Population growth (annual %),SP.POP.GROW,2.6440088912302
Rwanda,RWA,"International tourism, receipts (current US$)",ST.INT.RCPT.CD,528000000
Rwanda,RWA,Net migration,SM.POP.NETM,..
Rwanda,RWA,Population density (people per sq. km of land area),EN.POP.DNST,498.659870287799
Samoa,WSM,Population growth (annual %),SP.POP.GROW,0.397464519045097
Samoa,WSM,"International tourism, receipts (current US$)",ST.INT.RCPT.CD,191300000
Samoa,WSM,Net migration,SM.POP.NETM,..
Samoa,WSM,Population density (people per sq. km of land area),EN.POP.DNST,69.3038869257951
San Marino,SMR,Population growth (annual %),SP.POP.GROW,0.337998424249194
San Marino,SMR,"International tourism, receipts (current US$)",ST.INT.RCPT.CD,..
San Marino,SMR,Net migration,SM.POP.NETM,..
San Marino,SMR,Population density (people per sq. km of land area),EN.POP.DNST,563.083333333333
Sao Tome and Principe,STP,Population growth (annual %),SP.POP.GROW,1.88421735403656
Sao Tome and Principe,STP,"International tourism, receipts (current US$)",ST.INT.RCPT.CD,71900000
Sao Tome and Principe,STP,Net migration,SM.POP.NETM,..
Sao Tome and Principe,STP,Population density (people per sq. km of land area),EN.POP.DNST,219.820833333333
Saudi Arabia,SAU,Population growth (annual %),SP.POP.GROW,1.79887529985771
Saudi Arabia,SAU,"International tourism, receipts (current US$)",ST.INT.RCPT.CD,16975000000
Saudi Arabia,SAU,Net migration,SM.POP.NETM,..
Saudi Arabia,SAU,Population density (people per sq. km of land area),EN.POP.DNST,15.6766543082956
Senegal,SEN,Population growth (annual %),SP.POP.GROW,2.78193167027988
Senegal,SEN,"International tourism, receipts (current US$)",ST.INT.RCPT.CD,..
Senegal,SEN,Net migration,SM.POP.NETM,..
Senegal,SEN,Population density (people per sq. km of land area),EN.POP.DNST,82.3474783150678
Serbia,SRB,Population growth (annual %),SP.POP.GROW,-0.546351968633598
Serbia,SRB,"International tourism, receipts (current US$)",ST.INT.RCPT.CD,1921000000
Serbia,SRB,Net migration,SM.POP.NETM,..
Serbia,SRB,Population density (people per sq. km of land area),EN.POP.DNST,79.8317402241024
Seychelles,SYC,Population growth (annual %),SP.POP.GROW,0.954291917891324
Seychelles,SYC,"International tourism, receipts (current US$)",ST.INT.RCPT.CD,611000000
Seychelles,SYC,Net migration,SM.POP.NETM,..
Seychelles,SYC,Population density (people per sq. km of land area),EN.POP.DNST,210.352173913043
Sierra Leone,SLE,Population growth (annual %),SP.POP.GROW,2.13664820752458
Sierra Leone,SLE,"International tourism, receipts (current US$)",ST.INT.RCPT.CD,39000000
Sierra Leone,SLE,Net migration,SM.POP.NETM,..
Sierra Leone,SLE,Population density (people per sq. km of land area),EN.POP.DNST,105.987170961485
Singapore,SGP,Population growth (annual %),SP.POP.GROW,0.469704298714121
Singapore,SGP,"International tourism, receipts (current US$)",ST.INT.RCPT.CD,20416000000
Singapore,SGP,Net migration,SM.POP.NETM,..
Singapore,SGP,Population density (people per sq. km of land area),EN.POP.DNST,7952.9984184018
Sint Maarten (Dutch part),SXM,Population growth (annual %),SP.POP.GROW,0.196976475763271
Sint Maarten (Dutch part),SXM,"International tourism, receipts (current US$)",ST.INT.RCPT.CD,468000000
Sint Maarten (Dutch part),SXM,Net migration,SM.POP.NETM,..
Sint Maarten (Dutch part),SXM,Population density (people per sq. km of land area),EN.POP.DNST,..
Slovak Republic,SVK,Population growth (annual %),SP.POP.GROW,0.138508159611326
Slovak Republic,SVK,"International tourism, receipts (current US$)",ST.INT.RCPT.CD,3318000000
Slovak Republic,SVK,Net migration,SM.POP.NETM,..
Slovak Republic,SVK,Population density (people per sq. km of land area),EN.POP.DNST,113.290578202995
Slovenia,SVN,Population growth (annual %),SP.POP.GROW,0.362584395134764
Slovenia,SVN,"International tourism, receipts (current US$)",ST.INT.RCPT.CD,3378000000
Slovenia,SVN,Net migration,SM.POP.NETM,..
Slovenia,SVN,Population density (people per sq. km of land area),EN.POP.DNST,102.639859503382
Solomon Islands,SLB,Population growth (annual %),SP.POP.GROW,2.61013377594308
Solomon Islands,SLB,"International tourism, receipts (current US$)",ST.INT.RCPT.CD,92000000
Solomon Islands,SLB,Net migration,SM.POP.NETM,..
Solomon Islands,SLB,Population density (people per sq. km of land area),EN.POP.DNST,23.324687388353
Somalia,SOM,Population growth (annual %),SP.POP.GROW,2.83176765182727
Somalia,SOM,"International tourism, receipts (current US$)",ST.INT.RCPT.CD,..
Somalia,SOM,Net migration,SM.POP.NETM,..
Somalia,SOM,Population density (people per sq. km of land area),EN.POP.DNST,23.9234769024771
South Africa,ZAF,Population growth (annual %),SP.POP.GROW,1.35769728766652
South Africa,ZAF,"International tourism, receipts (current US$)",ST.INT.RCPT.CD,9789000000
South Africa,ZAF,Net migration,SM.POP.NETM,..
South Africa,ZAF,Population density (people per sq. km of land area),EN.POP.DNST,47.6301197767684
South Sudan,SSD,Population growth (annual %),SP.POP.GROW,0.595441569950834
South Sudan,SSD,"International tourism, receipts (current US$)",ST.INT.RCPT.CD,12000000
South Sudan,SSD,Net migration,SM.POP.NETM,..
South Sudan,SSD,Population density (people per sq. km of land area),EN.POP.DNST,..
Spain,ESP,Population growth (annual %),SP.POP.GROW,0.435388818489615
Spain,ESP,"International tourism, receipts (current US$)",ST.INT.RCPT.CD,81250000000
Spain,ESP,Net migration,SM.POP.NETM,..
Spain,ESP,Population density (people per sq. km of land area),EN.POP.DNST,93.5290582615872
Sri Lanka,LKA,Population growth (annual %),SP.POP.GROW,1.04839295829763
Sri Lanka,LKA,"International tourism, receipts (current US$)",ST.INT.RCPT.CD,5608000000
Sri Lanka,LKA,Net migration,SM.POP.NETM,..
Sri Lanka,LKA,Population density (people per sq. km of land area),EN.POP.DNST,345.558922022006
St. Kitts and Nevis,KNA,Population growth (annual %),SP.POP.GROW,0.757999915891058
St. Kitts and Nevis,KNA,"International tourism, receipts (current US$)",ST.INT.RCPT.CD,367000000
St. Kitts and Nevis,KNA,Net migration,SM.POP.NETM,..
St. Kitts and Nevis,KNA,Population density (people per sq. km of land area),EN.POP.DNST,201.696153846154
St. Lucia,LCA,Population growth (annual %),SP.POP.GROW,0.514822933775617
St. Lucia,LCA,"International tourism, receipts (current US$)",ST.INT.RCPT.CD,989000000
St. Lucia,LCA,Net migration,SM.POP.NETM,..
St. Lucia,LCA,Population density (people per sq. km of land area),EN.POP.DNST,298.17868852459
St. Martin (French part),MAF,Population growth (annual %),SP.POP.GROW,1.9072966556036
St. Martin (French part),MAF,"International tourism, receipts (current US$)",ST.INT.RCPT.CD,..
St. Martin (French part),MAF,Net migration,SM.POP.NETM,..
St. Martin (French part),MAF,Population density (people per sq. km of land area),EN.POP.DNST,..
St. Vincent and the Grenadines,VCT,Population growth (annual %),SP.POP.GROW,0.348123621752864
St. Vincent and the Grenadines,VCT,"International tourism, receipts (current US$)",ST.INT.RCPT.CD,241000000
St. Vincent and the Grenadines,VCT,Net migration,SM.POP.NETM,..
St. Vincent and the Grenadines,VCT,Population density (people per sq. km of land area),EN.POP.DNST,282.589743589744
Sudan,SDN,Population growth (annual %),SP.POP.GROW,2.39226526455048
Sudan,SDN,"International tourism, receipts (current US$)",ST.INT.RCPT.CD,1043000000
Sudan,SDN,Net migration,SM.POP.NETM,..
Sudan,SDN,Population density (people per sq. km of land area),EN.POP.DNST,..
Suriname,SUR,Population growth (annual %),SP.POP.GROW,0.958587768978366
Suriname,SUR,"International tourism, receipts (current US$)",ST.INT.RCPT.CD,73000000
Suriname,SUR,Net migration,SM.POP.NETM,..
Suriname,SUR,Population density (people per sq. km of land area),EN.POP.DNST,3.69225
Sweden,SWE,Population growth (annual %),SP.POP.GROW,1.16164515996039
Sweden,SWE,"International tourism, receipts (current US$)",ST.INT.RCPT.CD,14926000000
Sweden,SWE,Net migration,SM.POP.NETM,..
Sweden,SWE,Population density (people per sq. km of land area),EN.POP.DNST,25.0010434312931
Switzerland,CHE,Population growth (annual %),SP.POP.GROW,0.723690250288708
Switzerland,CHE,"International tourism, receipts (current US$)",ST.INT.RCPT.CD,20276000000
Switzerland,CHE,Net migration,SM.POP.NETM,..
Switzerland,CHE,Population density (people per sq. km of land area),EN.POP.DNST,215.521378417094
Syrian Arab Republic,SYR,Population growth (annual %),SP.POP.GROW,-0.952015451839186
Syrian Arab Republic,SYR,"International tourism, receipts (current US$)",ST.INT.RCPT.CD,..
Syrian Arab Republic,SYR,Net migration,SM.POP.NETM,..
Syrian Arab Republic,SYR,Population density (people per sq. km of land area),EN.POP.DNST,92.0671077710614
Tajikistan,TJK,Population growth (annual %),SP.POP.GROW,2.45346505862171
Tajikistan,TJK,"International tourism, receipts (current US$)",ST.INT.RCPT.CD,170900000
Tajikistan,TJK,Net migration,SM.POP.NETM,..
Tajikistan,TJK,Population density (people per sq. km of land area),EN.POP.DNST,65.5727141724908
Tanzania,TZA,Population growth (annual %),SP.POP.GROW,2.98167411522997
Tanzania,TZA,"International tourism, receipts (current US$)",ST.INT.RCPT.CD,2465000000
Tanzania,TZA,Net migration,SM.POP.NETM,..
Tanzania,TZA,Population density (people per sq. km of land area),EN.POP.DNST,63.5790787988259
Thailand,THA,Population growth (annual %),SP.POP.GROW,0.3154482592337
Thailand,THA,"International tourism, receipts (current US$)",ST.INT.RCPT.CD,65242000000
Thailand,THA,Net migration,SM.POP.NETM,..
Thailand,THA,Population density (people per sq. km of land area),EN.POP.DNST,135.897206835131
Timor-Leste,TLS,Population growth (annual %),SP.POP.GROW,1.96810074007246
Timor-Leste,TLS,"International tourism, receipts (current US$)",ST.INT.RCPT.CD,78000000
Timor-Leste,TLS,Net migration,SM.POP.NETM,..
Timor-Leste,TLS,Population density (people per sq. km of land area),EN.POP.DNST,85.270477471419
Togo,TGO,Population growth (annual %),SP.POP.GROW,2.44590420703926
Togo,TGO,"International tourism, receipts (current US$)",ST.INT.RCPT.CD,..
Togo,TGO,Net migration,SM.POP.NETM,..
Togo,TGO,Population density (people per sq. km of land area),EN.POP.DNST,145.046773303916
Tonga,TON,Population growth (annual %),SP.POP.GROW,1.16865776085892
Tonga,TON,"International tourism, receipts (current US$)",ST.INT.RCPT.CD,48100000
Tonga,TON,Net migration,SM.POP.NETM,..
Tonga,TON,Population density (people per sq. km of land area),EN.POP.DNST,143.329166666667
Trinidad and Tobago,TTO,Population growth (annual %),SP.POP.GROW,0.417170468699778
Trinidad and Tobago,TTO,"International tourism, receipts (current US$)",ST.INT.RCPT.CD,541000000
Trinidad and Tobago,TTO,Net migration,SM.POP.NETM,..
Trinidad and Tobago,TTO,Population density (people per sq. km of land area),EN.POP.DNST,270.927485380117
Tunisia,TUN,Population growth (annual %),SP.POP.GROW,1.14582776626243
Tunisia,TUN,"International tourism, receipts (current US$)",ST.INT.RCPT.CD,2320000000
Tunisia,TUN,Net migration,SM.POP.NETM,..
Tunisia,TUN,Population density (people per sq. km of land area),EN.POP.DNST,74.4413233779609
Turkey,TUR,Population growth (annual %),SP.POP.GROW,1.49044486780679
Turkey,TUR,"International tourism, receipts (current US$)",ST.INT.RCPT.CD,37140000000
Turkey,TUR,Net migration,SM.POP.NETM,..
Turkey,TUR,Population density (people per sq. km of land area),EN.POP.DNST,106.960128893104
Turkmenistan,TKM,Population growth (annual %),SP.POP.GROW,1.6064157574868
Turkmenistan,TKM,"International tourism, receipts (current US$)",ST.INT.RCPT.CD,..
Turkmenistan,TKM,Net migration,SM.POP.NETM,..
Turkmenistan,TKM,Population density (people per sq. km of land area),EN.POP.DNST,12.4505947694337
Turks and Caicos Islands,TCA,Population growth (annual %),SP.POP.GROW,1.47100807081477
Turks and Caicos Islands,TCA,"International tourism, receipts (current US$)",ST.INT.RCPT.CD,787000000
Turks and Caicos Islands,TCA,Net migration,SM.POP.NETM,..
Turks and Caicos Islands,TCA,Population density (people per sq. km of land area),EN.POP.DNST,39.6473684210526
Tuvalu,TUV,Population growth (annual %),SP.POP.GROW,1.20641379268569
Tuvalu,TUV,"International tourism, receipts (current US$)",ST.INT.RCPT.CD,..
Tuvalu,TUV,Net migration,SM.POP.NETM,..
Tuvalu,TUV,Population density (people per sq. km of land area),EN.POP.DNST,383.6
Uganda,UGA,Population growth (annual %),SP.POP.GROW,3.72138730033183
Uganda,UGA,"International tourism, receipts (current US$)",ST.INT.RCPT.CD,1044000000
Uganda,UGA,Net migration,SM.POP.NETM,..
Uganda,UGA,Population density (people per sq. km of land area),EN.POP.DNST,213.061734490325
Ukraine,UKR,Population growth (annual %),SP.POP.GROW,-0.46643010293891
Ukraine,UKR,"International tourism, receipts (current US$)",ST.INT.RCPT.CD,2269000000
Ukraine,UKR,Net migration,SM.POP.NETM,..
Ukraine,UKR,Population density (people per sq. km of land area),EN.POP.DNST,77.0296673514129
United Arab Emirates,ARE,Population growth (annual %),SP.POP.GROW,1.50389675992433
United Arab Emirates,ARE,"International tourism, receipts (current US$)",ST.INT.RCPT.CD,21390000000
United Arab Emirates,ARE,Net migration,SM.POP.NETM,..
United Arab Emirates,ARE,Population density (people per sq. km of land area),EN.POP.DNST,135.609110109828
United Kingdom,GBR,Population growth (annual %),SP.POP.GROW,0.605929132212552
United Kingdom,GBR,"International tourism, receipts (current US$)",ST.INT.RCPT.CD,48515000000
United Kingdom,GBR,Net migration,SM.POP.NETM,..
United Kingdom,GBR,Population density (people per sq. km of land area),EN.POP.DNST,274.82739222089
United States,USA,Population growth (annual %),SP.POP.GROW,0.522337357899676
United States,USA,"International tourism, receipts (current US$)",ST.INT.RCPT.CD,256145000000
United States,USA,Net migration,SM.POP.NETM,..
United States,USA,Population density (people per sq. km of land area),EN.POP.DNST,35.766088580168
Uruguay,URY,Population growth (annual %),SP.POP.GROW,0.367502622828282
Uruguay,URY,"International tourism, receipts (current US$)",ST.INT.RCPT.CD,2439000000
Uruguay,URY,Net migration,SM.POP.NETM,..
Uruguay,URY,Population density (people per sq. km of land area),EN.POP.DNST,19.7080276539824
Uzbekistan,UZB,Population growth (annual %),SP.POP.GROW,1.73486231625929
Uzbekistan,UZB,"International tourism, receipts (current US$)",ST.INT.RCPT.CD,1314000000
Uzbekistan,UZB,Net migration,SM.POP.NETM,..
Uzbekistan,UZB,Population density (people per sq. km of land area),EN.POP.DNST,77.4692054536906
Vanuatu,VUT,Population growth (annual %),SP.POP.GROW,2.48028072634676
Vanuatu,VUT,"International tourism, receipts (current US$)",ST.INT.RCPT.CD,325000000
Vanuatu,VUT,Net migration,SM.POP.NETM,..
Vanuatu,VUT,Population density (people per sq. km of land area),EN.POP.DNST,24.0098441345365
"Venezuela, RB",VEN,Population growth (annual %),SP.POP.GROW,-1.78586485636739
"Venezuela, RB",VEN,"International tourism, receipts (current US$)",ST.INT.RCPT.CD,..
"Venezuela, RB",VEN,Net migration,SM.POP.NETM,..
"Venezuela, RB",VEN,Population density (people per sq. km of land area),EN.POP.DNST,32.7307919052208
Vietnam,VNM,Population growth (annual %),SP.POP.GROW,0.99271637481877
Vietnam,VNM,"International tourism, receipts (current US$)",ST.INT.RCPT.CD,10080000000
Vietnam,VNM,Net migration,SM.POP.NETM,..
Vietnam,VNM,Population density (people per sq. km of land area),EN.POP.DNST,308.125245912213
Virgin Islands (U.S.),VIR,Population growth (annual %),SP.POP.GROW,-0.27165178086032
Virgin Islands (U.S.),VIR,"International tourism, receipts (current US$)",ST.INT.RCPT.CD,1046000000
Virgin Islands (U.S.),VIR,Net migration,SM.POP.NETM,..
Virgin Islands (U.S.),VIR,Population density (people per sq. km of land area),EN.POP.DNST,305.648571428571
West Bank and Gaza,PSE,Population growth (annual %),SP.POP.GROW,2.5330114844554
West Bank and Gaza,PSE,"International tourism, receipts (current US$)",ST.INT.RCPT.CD,245000000
West Bank and Gaza,PSE,Net migration,SM.POP.NETM,..
West Bank and Gaza,PSE,Population density (people per sq. km of land area),EN.POP.DNST,758.984551495017
"Yemen, Rep.",YEM,Population growth (annual %),SP.POP.GROW,2.35702251757589
"Yemen, Rep.",YEM,"International tourism, receipts (current US$)",ST.INT.RCPT.CD,..
"Yemen, Rep.",YEM,Net migration,SM.POP.NETM,..
"Yemen, Rep.",YEM,Population density (people per sq. km of land area),EN.POP.DNST,53.9778529083092
Zambia,ZMB,Population growth (annual %),SP.POP.GROW,2.91280100356014
Zambia,ZMB,"International tourism, receipts (current US$)",ST.INT.RCPT.CD,742000000
Zambia,ZMB,Net migration,SM.POP.NETM,..
Zambia,ZMB,Population density (people per sq. km of land area),EN.POP.DNST,23.3414789007116
Zimbabwe,ZWE,Population growth (annual %),SP.POP.GROW,1.41078272176006
Zimbabwe,ZWE,"International tourism, receipts (current US$)",ST.INT.RCPT.CD,..
Zimbabwe,ZWE,Net migration,SM.POP.NETM,..
Zimbabwe,ZWE,Population density (people per sq. km of land area),EN.POP.DNST,37.3245909267158
Arab World,ARB,Population growth (annual %),SP.POP.GROW,1.91591231602149
Arab World,ARB,"International tourism, receipts (current US$)",ST.INT.RCPT.CD,107954236249.411
Arab World,ARB,Net migration,SM.POP.NETM,..
Arab World,ARB,Population density (people per sq. km of land area),EN.POP.DNST,37.3723653654038
Caribbean small states,CSS,Population growth (annual %),SP.POP.GROW,0.601162817720862
Caribbean small states,CSS,"International tourism, receipts (current US$)",ST.INT.RCPT.CD,11963000000
Caribbean small states,CSS,Net migration,SM.POP.NETM,..
Caribbean small states,CSS,Population density (people per sq. km of land area),EN.POP.DNST,18.1770161788317
Central Europe and the Baltics,CEB,Population growth (annual %),SP.POP.GROW,-0.220882354790533
Central Europe and the Baltics,CEB,"International tourism, receipts (current US$)",ST.INT.RCPT.CD,65546000000
Central Europe and the Baltics,CEB,Net migration,SM.POP.NETM,..
Central Europe and the Baltics,CEB,Population density (people per sq. km of land area),EN.POP.DNST,92.7664366303472
Early-demographic dividend,EAR,Population growth (annual %),SP.POP.GROW,1.30806354112624
Early-demographic dividend,EAR,"International tourism, receipts (current US$)",ST.INT.RCPT.CD,237380565368.22
Early-demographic dividend,EAR,Net migration,SM.POP.NETM,..
Early-demographic dividend,EAR,Population density (people per sq. km of land area),EN.POP.DNST,98.13836364042
East Asia & Pacific,EAS,Population growth (annual %),SP.POP.GROW,0.605775424177608
East Asia & Pacific,EAS,"International tourism, receipts (current US$)",ST.INT.RCPT.CD,417699365505.603
East Asia & Pacific,EAS,Net migration,SM.POP.NETM,..
East Asia & Pacific,EAS,Population density (people per sq. km of land area),EN.POP.DNST,95.4316055341949
East Asia & Pacific (excluding high income),EAP,Population growth (annual %),SP.POP.GROW,0.652568917370559
East Asia & Pacific (excluding high income),EAP,"International tourism, receipts (current US$)",ST.INT.RCPT.CD,172994301684.416
East Asia & Pacific (excluding high income),EAP,Net migration,SM.POP.NETM,..
East Asia & Pacific (excluding high income),EAP,Population density (people per sq. km of land area),EN.POP.DNST,130.810431457567
East Asia & Pacific (IDA & IBRD countries),TEA,Population growth (annual %),SP.POP.GROW,0.654850956051334
East Asia & Pacific (IDA & IBRD countries),TEA,"International tourism, receipts (current US$)",ST.INT.RCPT.CD,172912858116.288
East Asia & Pacific (IDA & IBRD countries),TEA,Net migration,SM.POP.NETM,..
East Asia & Pacific (IDA & IBRD countries),TEA,Population density (people per sq. km of land area),EN.POP.DNST,130.185452991291
Euro area,EMU,Population growth (annual %),SP.POP.GROW,0.181381489078262
Euro area,EMU,"International tourism, receipts (current US$)",ST.INT.RCPT.CD,416234000000
Euro area,EMU,Net migration,SM.POP.NETM,..
Euro area,EMU,Population density (people per sq. km of land area),EN.POP.DNST,127.582277673283
Europe & Central Asia,ECS,Population growth (annual %),SP.POP.GROW,0.368511547343985
Europe & Central Asia,ECS,"International tourism, receipts (current US$)",ST.INT.RCPT.CD,651745620764.349
Europe & Central Asia,ECS,Net migration,SM.POP.NETM,..
Europe & Central Asia,ECS,Population density (people per sq. km of land area),EN.POP.DNST,33.4968853034031
Europe & Central Asia (excluding high income),ECA,Population growth (annual %),SP.POP.GROW,0.501868443754063
Europe & Central Asia (excluding high income),ECA,"International tourism, receipts (current US$)",ST.INT.RCPT.CD,87484438451.2235
Europe & Central Asia (excluding high income),ECA,Net migration,SM.POP.NETM,..
Europe & Central Asia (excluding high income),ECA,Population density (people per sq. km of land area),EN.POP.DNST,18.4773754089394
Europe & Central Asia (IDA & IBRD countries),TEC,Population growth (annual %),SP.POP.GROW,0.448856881531185
Europe & Central Asia (IDA & IBRD countries),TEC,"International tourism, receipts (current US$)",ST.INT.RCPT.CD,115393746207.355
Europe & Central Asia (IDA & IBRD countries),TEC,Net migration,SM.POP.NETM,..
Europe & Central Asia (IDA & IBRD countries),TEC,Population density (people per sq. km of land area),EN.POP.DNST,20.0172566615243
European Union,EUU,Population growth (annual %),SP.POP.GROW,0.146605410419582
European Union,EUU,"International tourism, receipts (current US$)",ST.INT.RCPT.CD,542814000000
European Union,EUU,Net migration,SM.POP.NETM,..
European Union,EUU,Population density (people per sq. km of land area),EN.POP.DNST,105.406603575888
Fragile and conflict affected situations,FCS,Population growth (annual %),SP.POP.GROW,2.18988188801454
Fragile and conflict affected situations,FCS,"International tourism, receipts (current US$)",ST.INT.RCPT.CD,..
Fragile and conflict affected situations,FCS,Net migration,SM.POP.NETM,..
Fragile and conflict affected situations,FCS,Population density (people per sq. km of land area),EN.POP.DNST,39.8693125353373
Heavily indebted poor countries (HIPC),HPC,Population growth (annual %),SP.POP.GROW,2.78329756962958
Heavily indebted poor countries (HIPC),HPC,"International tourism, receipts (current US$)",ST.INT.RCPT.CD,18769093901.0295
Heavily indebted poor countries (HIPC),HPC,Net migration,SM.POP.NETM,..
Heavily indebted poor countries (HIPC),HPC,Population density (people per sq. km of land area),EN.POP.DNST,44.8957816454125
High income,HIC,Population growth (annual %),SP.POP.GROW,0.488412288351611
High income,HIC,"International tourism, receipts (current US$)",ST.INT.RCPT.CD,1187240543012.21
High income,HIC,Net migration,SM.POP.NETM,..
High income,HIC,Population density (people per sq. km of land area),EN.POP.DNST,34.4377658355898
IBRD only,IBD,Population growth (annual %),SP.POP.GROW,0.870067094488618
IBRD only,IBD,"International tourism, receipts (current US$)",ST.INT.RCPT.CD,456625128560.498
IBRD only,IBD,Net migration,SM.POP.NETM,..
IBRD only,IBD,Population density (people per sq. km of land area),EN.POP.DNST,68.7859051970979
IDA & IBRD total,IBT,Population growth (annual %),SP.POP.GROW,1.22308003639482
IDA & IBRD total,IBT,"International tourism, receipts (current US$)",ST.INT.RCPT.CD,500987504100.55
IDA & IBRD total,IBT,Net migration,SM.POP.NETM,..
IDA & IBRD total,IBT,Population density (people per sq. km of land area),EN.POP.DNST,68.7084518843392
IDA blend,IDB,Population growth (annual %),SP.POP.GROW,2.26386784289691
IDA blend,IDB,"International tourism, receipts (current US$)",ST.INT.RCPT.CD,10935674456.3476
IDA blend,IDB,Net migration,SM.POP.NETM,..
IDA blend,IDB,Population density (people per sq. km of land area),EN.POP.DNST,93.3256218287322
IDA only,IDX,Population growth (annual %),SP.POP.GROW,2.26462875496642
IDA only,IDX,"International tourism, receipts (current US$)",ST.INT.RCPT.CD,..
IDA only,IDX,Net migration,SM.POP.NETM,..
IDA only,IDX,Population density (people per sq. km of land area),EN.POP.DNST,60.2621873819374
IDA total,IDA,Population growth (annual %),SP.POP.GROW,2.26437090198088
IDA total,IDA,"International tourism, receipts (current US$)",ST.INT.RCPT.CD,..
IDA total,IDA,Net migration,SM.POP.NETM,..
IDA total,IDA,Population density (people per sq. km of land area),EN.POP.DNST,68.4840897212872
Late-demographic dividend,LTE,Population growth (annual %),SP.POP.GROW,0.542394417847532
Late-demographic dividend,LTE,"International tourism, receipts (current US$)",ST.INT.RCPT.CD,331800646699.81
Late-demographic dividend,LTE,Net migration,SM.POP.NETM,..
Late-demographic dividend,LTE,Population density (people per sq. km of land area),EN.POP.DNST,51.408720555305
Latin America & Caribbean,LCN,Population growth (annual %),SP.POP.GROW,0.941967091541571
Latin America & Caribbean,LCN,"International tourism, receipts (current US$)",ST.INT.RCPT.CD,103820493536.209
Latin America & Caribbean,LCN,Net migration,SM.POP.NETM,..
Latin America & Caribbean,LCN,Population density (people per sq. km of land area),EN.POP.DNST,32.0057333680836
Latin America & Caribbean (excluding high income),LAC,Population growth (annual %),SP.POP.GROW,0.954793338629315
Latin America & Caribbean (excluding high income),LAC,"International tourism, receipts (current US$)",ST.INT.RCPT.CD,76418045326.9442
Latin America & Caribbean (excluding high income),LAC,Net migration,SM.POP.NETM,..
Latin America & Caribbean (excluding high income),LAC,Population density (people per sq. km of land area),EN.POP.DNST,32.0214614597141
Latin America & the Caribbean (IDA & IBRD countries),TLA,Population growth (annual %),SP.POP.GROW,0.986256835555693
Latin America & the Caribbean (IDA & IBRD countries),TLA,"International tourism, receipts (current US$)",ST.INT.RCPT.CD,87344813279.6766
Latin America & the Caribbean (IDA & IBRD countries),TLA,Net migration,SM.POP.NETM,..
Latin America & the Caribbean (IDA & IBRD countries),TLA,Population density (people per sq. km of land area),EN.POP.DNST,31.4141444422749
Least developed countries: UN classification,LDC,Population growth (annual %),SP.POP.GROW,2.36195486563658
Least developed countries: UN classification,LDC,"International tourism, receipts (current US$)",ST.INT.RCPT.CD,25378348240.0161
Least developed countries: UN classification,LDC,Net migration,SM.POP.NETM,..
Least developed countries: UN classification,LDC,Population density (people per sq. km of land area),EN.POP.DNST,56.8413289019083
Low & middle income,LMY,Population growth (annual %),SP.POP.GROW,1.22725078434512
Low & middle income,LMY,"International tourism, receipts (current US$)",ST.INT.RCPT.CD,461953560810.812
Low & middle income,LMY,Net migration,SM.POP.NETM,..
Low & middle income,LMY,Population density (people per sq. km of land area),EN.POP.DNST,69.2415960633107
Low income,LIC,Population growth (annual %),SP.POP.GROW,2.6136887459942
Low income,LIC,"International tourism, receipts (current US$)",ST.INT.RCPT.CD,..
Low income,LIC,Net migration,SM.POP.NETM,..
Low income,LIC,Population density (people per sq. km of land area),EN.POP.DNST,51.673738313444
Lower middle income,LMC,Population growth (annual %),SP.POP.GROW,1.39143662337442
Lower middle income,LMC,"International tourism, receipts (current US$)",ST.INT.RCPT.CD,116508936784.32
Lower middle income,LMC,Net migration,SM.POP.NETM,..
Lower middle income,LMC,Population density (people per sq. km of land area),EN.POP.DNST,150.081518176415
Middle East & North Africa,MEA,Population growth (annual %),SP.POP.GROW,1.73541850837286
Middle East & North Africa,MEA,"International tourism, receipts (current US$)",ST.INT.RCPT.CD,121534878335.698
Middle East & North Africa,MEA,Net migration,SM.POP.NETM,..
Middle East & North Africa,MEA,Population density (people per sq. km of land area),EN.POP.DNST,39.997702909805
Middle East & North Africa (excluding high income),MNA,Population growth (annual %),SP.POP.GROW,1.6863669426656
Middle East & North Africa (excluding high income),MNA,"International tourism, receipts (current US$)",ST.INT.RCPT.CD,49867757919.2172
Middle East & North Africa (excluding high income),MNA,Net migration,SM.POP.NETM,..
Middle East & North Africa (excluding high income),MNA,Population density (people per sq. km of land area),EN.POP.DNST,44.3111694561864
Middle East & North Africa (IDA & IBRD countries),TMN,Population growth (annual %),SP.POP.GROW,1.67584329626051
Middle East & North Africa (IDA & IBRD countries),TMN,"International tourism, receipts (current US$)",ST.INT.RCPT.CD,49650995502.439
Middle East & North Africa (IDA & IBRD countries),TMN,Net migration,SM.POP.NETM,..
Middle East & North Africa (IDA & IBRD countries),TMN,Population density (people per sq. km of land area),EN.POP.DNST,43.8129297485221
Middle income,MIC,Population growth (annual %),SP.POP.GROW,1.05763212689602
Middle income,MIC,"International tourism, receipts (current US$)",ST.INT.RCPT.CD,446048366891.212
Middle income,MIC,Net migration,SM.POP.NETM,..
Middle income,MIC,Population density (people per sq. km of land area),EN.POP.DNST,72.294869980189
North America,NAC,Population growth (annual %),SP.POP.GROW,0.701862096885051
North America,NAC,"International tourism, receipts (current US$)",ST.INT.RCPT.CD,278706000000
North America,NAC,Net migration,SM.POP.NETM,..
North America,NAC,Population density (people per sq. km of land area),EN.POP.DNST,19.9709762368072
Not classified,INX,Population growth (annual %),SP.POP.GROW,..
Not classified,INX,"International tourism, receipts (current US$)",ST.INT.RCPT.CD,..
Not classified,INX,Net migration,SM.POP.NETM,..
Not classified,INX,Population density (people per sq. km of land area),EN.POP.DNST,..
OECD members,OED,Population growth (annual %),SP.POP.GROW,0.563458637020148
OECD members,OED,"International tourism, receipts (current US$)",ST.INT.RCPT.CD,1022142000000
OECD members,OED,Net migration,SM.POP.NETM,..
OECD members,OED,Population density (people per sq. km of land area),EN.POP.DNST,37.8092345649061
Other small states,OSS,Population growth (annual %),SP.POP.GROW,2.0239246669851
Other small states,OSS,"International tourism, receipts (current US$)",ST.INT.RCPT.CD,..
Other small states,OSS,Net migration,SM.POP.NETM,..
Other small states,OSS,Population density (people per sq. km of land area),EN.POP.DNST,15.1386164116647
Pacific island small states,PSS,Population growth (annual %),SP.POP.GROW,1.45663696499629
Pacific island small states,PSS,"International tourism, receipts (current US$)",ST.INT.RCPT.CD,2223226634.22613
Pacific island small states,PSS,Net migration,SM.POP.NETM,..
Pacific island small states,PSS,Population density (people per sq. km of land area),EN.POP.DNST,38.2767445482866
Post-demographic dividend,PST,Population growth (annual %),SP.POP.GROW,0.358224317829254
Post-demographic dividend,PST,"International tourism, receipts (current US$)",ST.INT.RCPT.CD,1040186000000
Post-demographic dividend,PST,Net migration,SM.POP.NETM,..
Post-demographic dividend,PST,Population density (people per sq. km of land area),EN.POP.DNST,35.2674889372306
Pre-demographic dividend,PRE,Population growth (annual %),SP.POP.GROW,2.79176218538421
Pre-demographic dividend,PRE,"International tourism, receipts (current US$)",ST.INT.RCPT.CD,16797045255.3868
Pre-demographic dividend,PRE,Net migration,SM.POP.NETM,..
Pre-demographic dividend,PRE,Population density (people per sq. km of land area),EN.POP.DNST,51.6874400219725
Small states,SST,Population growth (annual %),SP.POP.GROW,1.72854420948407
Small states,SST,"International tourism, receipts (current US$)",ST.INT.RCPT.CD,..
Small states,SST,Net migration,SM.POP.NETM,..
Small states,SST,Population density (people per sq. km of land area),EN.POP.DNST,16.2244628233256
South Asia,SAS,Population growth (annual %),SP.POP.GROW,1.20218138817778
South Asia,SAS,"International tourism, receipts (current US$)",ST.INT.RCPT.CD,39895000000
South Asia,SAS,Net migration,SM.POP.NETM,..
South Asia,SAS,Population density (people per sq. km of land area),EN.POP.DNST,380.247133746081
South Asia (IDA & IBRD),TSA,Population growth (annual %),SP.POP.GROW,1.20218138817778
South Asia (IDA & IBRD),TSA,"International tourism, receipts (current US$)",ST.INT.RCPT.CD,39895000000
South Asia (IDA & IBRD),TSA,Net migration,SM.POP.NETM,..
South Asia (IDA & IBRD),TSA,Population density (people per sq. km of land area),EN.POP.DNST,380.247133746081
Sub-Saharan Africa,SSF,Population growth (annual %),SP.POP.GROW,2.68083126790228
Sub-Saharan Africa,SSF,"International tourism, receipts (current US$)",ST.INT.RCPT.CD,35667096121.6198
Sub-Saharan Africa,SSF,Net migration,SM.POP.NETM,..
Sub-Saharan Africa,SSF,Population density (people per sq. km of land area),EN.POP.DNST,50.7620843086558
Sub-Saharan Africa (excluding high income),SSA,Population growth (annual %),SP.POP.GROW,2.68098843916147
Sub-Saharan Africa (excluding high income),SSA,"International tourism, receipts (current US$)",ST.INT.RCPT.CD,35013305381.3012
Sub-Saharan Africa (excluding high income),SSA,Net migration,SM.POP.NETM,..
Sub-Saharan Africa (excluding high income),SSA,Population density (people per sq. km of land area),EN.POP.DNST,50.7586283354254
Sub-Saharan Africa (IDA & IBRD countries),TSS,Population growth (annual %),SP.POP.GROW,2.68083126790228
Sub-Saharan Africa (IDA & IBRD countries),TSS,"International tourism, receipts (current US$)",ST.INT.RCPT.CD,35667096121.6198
Sub-Saharan Africa (IDA & IBRD countries),TSS,Net migration,SM.POP.NETM,..
Sub-Saharan Africa (IDA & IBRD countries),TSS,Population density (people per sq. km of land area),EN.POP.DNST,50.7620843086558
Upper middle income,UMC,Population growth (annual %),SP.POP.GROW,0.680328005242245
Upper middle income,UMC,"International tourism, receipts (current US$)",ST.INT.RCPT.CD,329382693288.802
Upper middle income,UMC,Net migration,SM.POP.NETM,..
Upper middle income,UMC,Population density (people per sq. km of land area),EN.POP.DNST,45.4691766291018
World,WLD,Population growth (annual %),SP.POP.GROW,1.10877387593369
World,WLD,"International tourism, receipts (current US$)",ST.INT.RCPT.CD,1649263693177.22
World,WLD,Net migration,SM.POP.NETM,..
World,WLD,Population density (people per sq. km of land area),EN.POP.DNST,59.6362362611782
,,,,
,,,,
,,,,
Data from database: World Development Indicators,,,,
Last Updated: 04/09/2020,,,,
